freq,citizen,age,unit,sex,geo\TIME_PERIOD	2015 	2016 	2017 	2018 	2019 	2020 	2021 	2022 	2023 	2024 
A,EU28_FOR,TOTAL,NR,F,AT	288028 	310759 	329981 	348012 	365125 	383295 	: 	: 	: 	: 
A,EU28_FOR,TOTAL,NR,F,BE	416232 	428008 	434889 	440355 	448655 	457258 	: 	: 	: 	: 
A,EU28_FOR,TOTAL,NR,F,CH	594052 	610566 	622893 	630371 	637330 	645916 	: 	: 	: 	: 
A,EU28_FOR,TOTAL,NR,F,CY	55730 	57716 	57673 	59787 	63044 	62935 	: 	: 	: 	: 
A,EU28_FOR,TOTAL,NR,F,CZ	72465 	76736 	81670 	86132 	91296 	96186 	: 	: 	: 	: 
A,EU28_FOR,TOTAL,NR,F,DE	1616076 b	1756111 	1846714 	1939311 	2018429 	2060561 	: 	: 	: 	: 
A,EU28_FOR,TOTAL,NR,F,DK	80174 	86819 	92264 	97063 	101895 	105453 	: 	: 	: 	: 
A,EU28_FOR,TOTAL,NR,F,EE	5435 b	5842 	6230 	7086 	7797 	7630 	: 	: 	: 	: 
A,EU28_FOR,TOTAL,NR,F,EL	125378 	131823 	132990 	137315 	139868 	119072 	: 	: 	: 	: 
A,EU28_FOR,TOTAL,NR,F,ES	924739 	914390 	908252 	908457 	920475 	942445 	: 	: 	: 	: 
A,EU28_FOR,TOTAL,NR,F,FI	40147 	41685 	42606 	42630 	43096 	43321 	: 	: 	: 	: 
A,EU28_FOR,TOTAL,NR,F,FR	735949 	748699 	767095 	775027 	780696 	778811 	: 	: 	: 	: 
A,EU28_FOR,TOTAL,NR,F,HR	4037 	3960 	3887 	3817 	3655 	3528 	: 	: 	: 	: 
A,EU28_FOR,TOTAL,NR,F,HU	34127 	35807 	33112 	31942 	30649 	33567 	: 	: 	: 	: 
A,EU28_FOR,TOTAL,NR,F,IE	207529 	210131 	213216 	213245 	215407 	217547 	: 	: 	: 	: 
A,EU28_FOR,TOTAL,NR,F,IS	9238 	9952 	10816 	12814 	14718 	16253 	: 	: 	: 	: 
A,EU28_FOR,TOTAL,NR,F,IT	829513 	867705 	876677 	883543 	886752 b	889130 	: 	: 	: 	: 
A,EU28_FOR,TOTAL,NR,F,LI	3195 	3262 	3289 	3336 	3383 	3422 	: 	: 	: 	: 
A,EU28_FOR,TOTAL,NR,F,LT	890 	710 	612 	531 	529 	539 	: 	: 	: 	: 
A,EU28_FOR,TOTAL,NR,F,LU	107951 	111504 	115383 b	117180 	117783 	118359 	: 	: 	: 	: 
A,EU28_FOR,TOTAL,NR,F,LV	2778 	2321 	2276 	2400 	2487 	2478 	: 	: 	: 	: 
A,EU28_FOR,TOTAL,NR,F,MT	8790 	10878 	13303 	18551 	19258 	21760 	: 	: 	: 	: 
A,EU28_FOR,TOTAL,NR,F,NL	216863 	230672 	245677 	263297 	282926 	305546 	: 	: 	: 	: 
A,EU28_FOR,TOTAL,NR,F,NO	133613 	140778 	144409 	147207 	151021 	: 	: 	: 	: 	: 
A,EU28_FOR,TOTAL,NR,F,PL	9389 p	8045 ep	9324 ep	8628 ep	8820 	9706 ep	: 	: 	: 	: 
A,EU28_FOR,TOTAL,NR,F,PT	47294 	49718 	55696 	63914 	73923 	83473 	: 	: 	: 	: 
A,EU28_FOR,TOTAL,NR,F,RO	7437 	10551 	12743 	14280 	15999 	18482 e	: 	: 	: 	: 
A,EU28_FOR,TOTAL,NR,F,SE	138985 	141847 	143749 	146320 	147329 	147687 	: 	: 	: 	: 
A,EU28_FOR,TOTAL,NR,F,SI	6239 	6475 	6838 	7192 	7708 	8065 	: 	: 	: 	: 
A,EU28_FOR,TOTAL,NR,F,SK	16905 	17932 	18931 	19807 	20674 	21403 	: 	: 	: 	: 
A,EU28_FOR,TOTAL,NR,F,TR	69815 	75713 	77664 	72510 	77569 	89513 	: 	: 	: 	: 
A,EU28_FOR,TOTAL,NR,F,UK	1575674 	1680491 	1871982 	2008490 	1901523 	: 	: 	: 	: 	: 
A,EU28_FOR,TOTAL,NR,M,AT	282270 	305642 	325543 	345843 	365084 	385302 	: 	: 	: 	: 
A,EU28_FOR,TOTAL,NR,M,BE	436052 	447870 	455499 	462351 	472210 	482707 	: 	: 	: 	: 
A,EU28_FOR,TOTAL,NR,M,CH	728793 	746991 	759966 	766642 	774414 	784281 	: 	: 	: 	: 
A,EU28_FOR,TOTAL,NR,M,CY	50627 	51411 	52973 	54749 	54756 	55866 	: 	: 	: 	: 
A,EU28_FOR,TOTAL,NR,M,CZ	111865 	118702 	126592 	133218 	141215 	148814 	: 	: 	: 	: 
A,EU28_FOR,TOTAL,NR,M,DE	1859416 b	2044933 	2138451 	2265883 	2365265 	2393857 	: 	: 	: 	: 
A,EU28_FOR,TOTAL,NR,M,DK	93021 	102556 	110122 	116402 	122683 	124992 	: 	: 	: 	: 
A,EU28_FOR,TOTAL,NR,M,EE	8900 b	9530 	10226 	11804 	13094 	13253 	: 	: 	: 	: 
A,EU28_FOR,TOTAL,NR,M,EL	73345 	74841 	72231 	73840 	73302 	72046 	: 	: 	: 	: 
A,EU28_FOR,TOTAL,NR,M,ES	969567 	949432 	936546 	926609 	934110 	951857 	: 	: 	: 	: 
A,EU28_FOR,TOTAL,NR,M,FI	50031 	52517 	54605 	55582 	56661 	57751 	: 	: 	: 	: 
A,EU28_FOR,TOTAL,NR,M,FR	763278 	775020 	789535 	794664 	796335 	794859 	: 	: 	: 	: 
A,EU28_FOR,TOTAL,NR,M,HR	2944 	3134 	3160 	3109 	2981 	2942 	: 	: 	: 	: 
A,EU28_FOR,TOTAL,NR,M,HU	46631 	49336 	46213 	46056 	43617 	47493 	: 	: 	: 	: 
A,EU28_FOR,TOTAL,NR,M,IE	205083 	207853 	210040 	209971 	213807 	215124 	: 	: 	: 	: 
A,EU28_FOR,TOTAL,NR,M,IS	10557 	11875 	14334 	19135 	22793 	25373 	: 	: 	: 	: 
A,EU28_FOR,TOTAL,NR,M,IT	566568 	596005 	599907 	605630 	613952 b	615391 	: 	: 	: 	: 
A,EU28_FOR,TOTAL,NR,M,LI	3354 	3426 	3450 	3510 	3537 	3583 	: 	: 	: 	: 
A,EU28_FOR,TOTAL,NR,M,LT	1520 	1340 	1095 	928 	910 	919 	: 	: 	: 	: 
A,EU28_FOR,TOTAL,NR,M,LU	114241 	118002 	124907 b	127220 	128270 	129519 	: 	: 	: 	: 
A,EU28_FOR,TOTAL,NR,M,LV	4027 	3653 	3661 	3792 	3946 	4112 	: 	: 	: 	: 
A,EU28_FOR,TOTAL,NR,M,MT	9648 	11949 	14924 	20324 	23883 	26498 	: 	: 	: 	: 
A,EU28_FOR,TOTAL,NR,M,NL	214071 	228033 	243442 	262329 	284798 	311086 	: 	: 	: 	: 
A,EU28_FOR,TOTAL,NR,M,NO	194308 	202307 	204138 	205838 	209050 	: 	: 	: 	: 	: 
A,EU28_FOR,TOTAL,NR,M,PL	20573 p	17046 ep	20123 ep	21470 ep	22824 	26892 ep	: 	: 	: 	: 
A,EU28_FOR,TOTAL,NR,M,PT	52412 	54992 	61919 	72423 	84432 	95904 	: 	: 	: 	: 
A,EU28_FOR,TOTAL,NR,M,RO	26366 	37479 	40799 	42452 	44266 	45109 e	: 	: 	: 	: 
A,EU28_FOR,TOTAL,NR,M,SE	156983 	162141 	166769 	171943 	174635 	174637 	: 	: 	: 	: 
A,EU28_FOR,TOTAL,NR,M,SI	10926 	11122 	11882 	12348 	12992 	13458 	: 	: 	: 	: 
A,EU28_FOR,TOTAL,NR,M,SK	30297 	32508 	34580 	36142 	37634 	38908 	: 	: 	: 	: 
A,EU28_FOR,TOTAL,NR,M,TR	62897 	68243 	70559 	65984 	71155 	83476 	: 	: 	: 	: 
A,EU28_FOR,TOTAL,NR,M,UK	1410852 	1523625 	1755932 	1851747 	1780336 	: 	: 	: 	: 	: 
A,EU28_FOR,TOTAL,NR,T,AT	570298 	616401 	655524 	693855 	730209 	768597 	: 	: 	: 	: 
A,EU28_FOR,TOTAL,NR,T,BE	852284 	875878 	890388 	902706 	920865 	939965 	: 	: 	: 	: 
A,EU28_FOR,TOTAL,NR,T,CH	1322845 	1357557 	1382859 	1397013 	1411744 	1430197 	: 	: 	: 	: 
A,EU28_FOR,TOTAL,NR,T,CY	106357 	109127 	110646 	114536 	117800 	118801 	: 	: 	: 	: 
A,EU28_FOR,TOTAL,NR,T,CZ	184330 	195438 	208262 	219350 	232511 	245000 	: 	: 	: 	: 
A,EU28_FOR,TOTAL,NR,T,DE	3475492 b	3801044 	3985165 	4205194 	4383694 	4454418 	: 	: 	: 	: 
A,EU28_FOR,TOTAL,NR,T,DK	173195 	189375 	202386 	213465 	224578 	230445 	: 	: 	: 	: 
A,EU28_FOR,TOTAL,NR,T,EE	14335 b	15372 	16456 	18890 	20891 	20883 	: 	: 	: 	: 
A,EU28_FOR,TOTAL,NR,T,EL	198723 	206664 	205221 	211155 	213170 	191118 	: 	: 	: 	: 
A,EU28_FOR,TOTAL,NR,T,ES	1894306 	1863822 	1844798 	1835066 	1854585 	1894302 	: 	: 	: 	: 
A,EU28_FOR,TOTAL,NR,T,FI	90178 	94202 	97211 	98212 	99757 	101072 	: 	: 	: 	: 
A,EU28_FOR,TOTAL,NR,T,FR	1499227 	1523719 	1556630 	1569691 	1577031 	1573670 	: 	: 	: 	: 
A,EU28_FOR,TOTAL,NR,T,HR	6981 	7094 	7047 	6926 	6636 	6470 	: 	: 	: 	: 
A,EU28_FOR,TOTAL,NR,T,HU	80758 	85143 	79325 	77998 	74266 	81060 	: 	: 	: 	: 
A,EU28_FOR,TOTAL,NR,T,IE	412612 	417984 	423256 	423216 	429214 	432671 	: 	: 	: 	: 
A,EU28_FOR,TOTAL,NR,T,IS	19795 	21827 	25150 	31949 	37511 	41626 	: 	: 	: 	: 
A,EU28_FOR,TOTAL,NR,T,IT	1396081 	1463710 	1476584 	1489173 	1500704 b	1504521 	: 	: 	: 	: 
A,EU28_FOR,TOTAL,NR,T,LI	6549 	6688 	6739 	6846 	6920 	7005 	: 	: 	: 	: 
A,EU28_FOR,TOTAL,NR,T,LT	2410 	2050 	1707 	1459 	1439 	1458 	: 	: 	: 	: 
A,EU28_FOR,TOTAL,NR,T,LU	222192 	229506 	240290 b	244400 	246053 	247878 	: 	: 	: 	: 
A,EU28_FOR,TOTAL,NR,T,LV	6805 	5974 	5937 	6192 	6433 	6590 	: 	: 	: 	: 
A,EU28_FOR,TOTAL,NR,T,MT	18438 	22827 	28227 	38875 	43141 	48258 	: 	: 	: 	: 
A,EU28_FOR,TOTAL,NR,T,NL	430934 	458705 	489119 	525626 	567724 	616632 	: 	: 	: 	: 
A,EU28_FOR,TOTAL,NR,T,NO	327921 	343085 	348547 	353045 	360071 	: 	: 	: 	: 	: 
A,EU28_FOR,TOTAL,NR,T,PL	29962 p	25091 ep	29447 ep	30098 ep	31644 	36598 ep	: 	: 	: 	: 
A,EU28_FOR,TOTAL,NR,T,PT	99706 	104710 	117615 	136337 	158355 	179377 	: 	: 	: 	: 
A,EU28_FOR,TOTAL,NR,T,RO	33803 	48030 	53542 	56732 	60265 	63591 e	: 	: 	: 	: 
A,EU28_FOR,TOTAL,NR,T,SE	295968 	303988 	310518 	318263 	321964 	322324 	: 	: 	: 	: 
A,EU28_FOR,TOTAL,NR,T,SI	17165 	17597 	18720 	19540 	20700 	21523 	: 	: 	: 	: 
A,EU28_FOR,TOTAL,NR,T,SK	47202 	50440 	53511 	55949 	58308 	60311 	: 	: 	: 	: 
A,EU28_FOR,TOTAL,NR,T,TR	132712 	143956 	148223 	138494 	148724 	172989 	: 	: 	: 	: 
A,EU28_FOR,TOTAL,NR,T,UK	2986526 	3204116 	3627914 	3860237 	3681859 	: 	: 	: 	: 	: 
A,NAT,TOTAL,NR,F,AT	3818840 	3812853 	3809500 	3803960 	3798472 	3793909 	3785435 	3779283 	3768901 	3759205 
A,NAT,TOTAL,NR,F,BE	5087521 	5093067 	5101539 	5111103 	5118396 	5129749 	5130103 	5141813 	5151568 	5166285 
A,NAT,TOTAL,NR,F,BG	3588456 	3540948 	3496277 	3448925 	3399956 	3349366 	3328331 	3331528 	3307891 	3290231 
A,NAT,TOTAL,NR,F,CH	3225369 	3243134 	3261194 	3279200 	3296630 	3311802 	3323850 	3340015 	3351137 	3362792 
A,NAT,TOTAL,NR,F,CY	352114 	355357 	358511 	361499 	362959 	366162 	368987 	370963 	369347 b	371694 
A,NAT,TOTAL,NR,F,CZ	5164821 	5162453 	5157768 	5166723 	5165918 	5172487 	5102229 b	5092639 	5089449 	5080495 
A,NAT,TOTAL,NR,F,DE	37702521 b	37613748 	37514010 	37417038 	37317231 	37228015 	37120239 	36999286 	36678390 b	36524287 
A,NAT,TOTAL,NR,F,DK	2637096 	2640008 	2649782 	2655613 	2657991 	2660442 	2668057 	2673313 	2673510 	2673779 
A,NAT,TOTAL,NR,F,EE	603207 b	602421 	602477 	602662 	603557 	604324 	604049 	603138 	602516 	601620 
A,NAT,TOTAL,NR,F,EL	5155430 	5133024 	5120721 	5108578 	5093376 	5043395 	5016283 	4976505 b	4941491 	4938021 
A,NAT,TOTAL,NR,F,ES	21423187 	21439750 	21487084 	21481810 	21486980 	21496278 	21463559 	21459130 	21473559 	21544520 
A,NAT,TOTAL,NR,F,EU27_2020	212303180 be	212003493 e	211817250 be	211400064 e	211098841 b	210755137 e	209726418 bep	209531482 ep	208889664 bep	208446186 ep
A,NAT,TOTAL,NR,F,FI	2676792 	2678405 	2678630 	2679838 	2677177 	2675430 	2673727 	2671910 	2665908 	2660906 
A,NAT,TOTAL,NR,F,FR	32080080 	32126018 	32201449 	32135712 	32217067 	32236839 	32291426 	32379018 	32365110 p	32241575 p
A,NAT,TOTAL,NR,F,HR	2156063 	2132700 	2108786 	2078020 	2052396 	2029346 	2006447 	1984179 b	1960153 	1942305 
A,NAT,TOTAL,NR,F,HU	5064217 	5032262 	5010103 	4986001 	4964253 	4942592 	4922213 	4894579 	4874759 	4852518 
A,NAT,TOTAL,NR,F,IE	2096566 	2113540 	2140010 	2158148 	2187792 	2209973 	2233904 	2274553 	2280509 	2289258 
A,NAT,TOTAL,NR,F,IS	152218 	152777 	153732 	154921 	155871 	156863 	158091 	159907 	160376 	159434 
A,NAT,TOTAL,NR,F,IT	28502891 	28416843 	28353665 	28236011 	28103605 b	27983433 	27722737 	27648663 	27558567 	27473494 
A,NAT,TOTAL,NR,F,LI	12582 	12604 	12682 	12781 	12839 	12905 	12968 	13064 	13170 	13267 
A,NAT,TOTAL,NR,F,LT	1570481 	1554534 	1535286 	1517240 	1507800 	1501028 	1496615 	1488535 	1480495 	1474354 
A,NAT,TOTAL,NR,F,LU	154944 	156355 	157238 b	159467 	163722 	167376 	170248 	173216 	176276 	179697 
A,NAT,TOTAL,NR,F,LV	915456 	910648 	905305 	899920 	894562 	890337 	886026 	879303 	873077 	868277 
A,NAT,TOTAL,NR,F,MT	201051 	201289 	201580 	201822 	202012 	202161 	202346 	202458 	202973 	203157 
A,NAT,TOTAL,NR,F,NL	8099631 	8109182 	8121847 	8134492 	8147017 	8166390 	8191173 	8217436 	8232144 	8248690 
A,NAT,TOTAL,NR,F,NO	2334393 	2344347 	2354664 	2368524 	2375047 	2383632 	2396446 	2421749 	2440699 	2459127 
A,NAT,TOTAL,NR,F,PL	19557703 p	19523888 ep	19505634 ep	19493817 ep	19471577 	19436471 ep	18921182 ep	18836332 ep	18775396 ep	18712716 ep
A,NAT,TOTAL,NR,F,PT	5272148 	5263850 	5246572 	5235895 	5212883 	5191352 	5160606 	5144906 	5117735 	5060598 
A,NAT,TOTAL,NR,F,RO	10134344 	10077133 	10004901 	9941613 	9874060 	9822121 e	9766778 	: 	9708821 e	9709845 e
A,NAT,TOTAL,NR,F,SE	4525679 	4554393 	4590516 	4628194 	4662577 	4700938 	4740198 	4786740 	4828909 	4852748 
A,NAT,TOTAL,NR,F,SI	1006465 	1003560 	1000646 	996820 	994889 	992496 	991297 	988217 	984067 	980707 
A,NAT,TOTAL,NR,F,SK	2755476 	2755264 	2757413 	2759143 	2760616 	2762727 	2762223 	2751757 	2748143 	2745204 
A,NAT,TOTAL,NR,F,TR	38438339 	38889701 	39351737 	39806772 	40254419 	40680572 	: 	: 	41653729 	41830435 
A,NAT,TOTAL,NR,F,UK	30097819 	30189047 	30209408 	30263041 	30533961 	: 	: 	: 	: 	: 
A,NAT,TOTAL,NR,M,AT	3620008 	3619944 	3621435 	3622427 	3621380 	3620932 	3616157 	3612937 	3606051 	3598679 
A,NAT,TOTAL,NR,M,BE	4872850 	4884807 	4896413 	4911054 	4923373 	4939372 	4945805 	4960944 	4975630 	4992918 
A,NAT,TOTAL,NR,M,BG	3374852 	3322164 	3271558 	3219786 	3165048 	3108223 	3082002 	3085543 	3054556 	3032564 
A,NAT,TOTAL,NR,M,CH	3013838 	3035325 	3057210 	3078538 	3099622 	3118856 	3135662 	3154595 	3168225 	3182178 
A,NAT,TOTAL,NR,M,CY	342625 	345694 	348334 	351972 	357330 	360838 	361459 	363681 	360277 b	362686 
A,NAT,TOTAL,NR,M,CZ	4916129 	4915044 	4910209 	4927909 	4926424 	4934806 	4904075 b	4885831 	4882992 	4874500 
A,NAT,TOTAL,NR,M,DE	35955242 b	35909978 	35787654 	35696445 	35612690 	35540674 	35449739 	35344785 	34944976 b	34822770 
A,NAT,TOTAL,NR,M,DK	2600060 	2604096 	2614001 	2619585 	2622192 	2625199 	2632494 	2637859 	2637977 	2637476 
A,NAT,TOTAL,NR,M,EE	513980 b	515272 	516669 	519008 	521733 	524235 	524767 	525275 	525871 	525692 
A,NAT,TOTAL,NR,M,EL	4880619 	4852367 	4837438 	4816528 	4799531 	4768825 	4740864 	4735410 b	4708390 	4718852 
A,NAT,TOTAL,NR,M,ES	20548550 	20559800 	20592656 	20585938 	20581209 	20580494 	20534537 	20518579 	20522182 	20572893 
A,NAT,TOTAL,NR,M,EU27_2020	200944661 be	200710840 e	200514742 be	200196278 e	199980795 b	199753560 e	198857572 bep	198756359 ep	198131475 bep	197769827 ep
A,NAT,TOTAL,NR,M,FI	2575286 	2579138 	2581028 	2583840 	2583170 	2582233 	2581149 	2579867 	2574376 	2569972 
A,NAT,TOTAL,NR,M,FR	29946697 	29967580 	30002698 	29939795 	30031233 	30063207 	30134632 	30254646 	30283377 p	30197275 p
A,NAT,TOTAL,NR,M,HR	1999070 	1972750 	1944665 	1911331 	1891693 	1879072 	1860134 	1842034 b	1820361 	1804282 
A,NAT,TOTAL,NR,M,HU	4605673 	4590784 	4578622 	4565845 	4555246 	4546827 	4534757 	4513299 	4498718 	4481197 
A,NAT,TOTAL,NR,M,IE	2048865 	2066696 	2093325 	2114166 	2139940 	2161091 	2188748 	2221790 	2231795 	2243867 
A,NAT,TOTAL,NR,M,IS	152588 	153267 	154342 	155699 	156850 	157878 	159368 	161339 	162305 	160623 
A,NAT,TOTAL,NR,M,IT	26957361 	26915827 	26894436 	26818307 	26716910 b	26618418 	26341582 	26350754 	26297293 	26244078 
A,NAT,TOTAL,NR,M,LI	12205 	12243 	12333 	12392 	12482 	12580 	12620 	12717 	12873 	13027 
A,NAT,TOTAL,NR,M,LT	1334664 	1320765 	1303987 	1288978 	1283218 	1287331 	1294145 	1283153 	1278411 	1275492 
A,NAT,TOTAL,NR,M,LU	149335 	150719 	151932 b	154304 	158708 	162267 	165056 	168014 	171126 	174675 
A,NAT,TOTAL,NR,M,LV	772207 	769363 	765365 	761928 	758781 	756933 	754756 	751444 	748131 	745561 
A,NAT,TOTAL,NR,M,MT	198581 	199066 	199659 	200118 	200486 	200779 	201117 	201336 	201702 	201918 
A,NAT,TOTAL,NR,M,NL	7953826 	7969437 	7987362 	8005787 	8024287 	8048886 	8081277 	8116990 	8133796 	8150155 
A,NAT,TOTAL,NR,M,NO	2319255 	2331415 	2344435 	2359326 	2368932 	2379432 	2393356 	2417511 	2437401 	2457682 
A,NAT,TOTAL,NR,M,PL	18333348 p	18287788 ep	18251090 ep	18237789 ep	18211484 	18163428 ep	17701870 ep	17608919 ep	17539494 ep	17475192 ep
A,NAT,TOTAL,NR,M,PT	4756104 	4743743 	4727826 	4711932 	4678750 	4663556 	4637897 	4632864 	4613835 	4533730 
A,NAT,TOTAL,NR,M,RO	9647504 	9576217 	9524646 	9477515 	9419122 	9366639 e	9290267 	: 	9133261 e	9125073 e
A,NAT,TOTAL,NR,M,SE	4482241 	4513791 	4552688 	4594712 	4635342 	4686071 	4733774 	4784760 	4827391 	4854864 
A,NAT,TOTAL,NR,M,SI	954877 	952862 	950811 	948185 	947826 	947014 	949029 	946521 	943109 	939969 
A,NAT,TOTAL,NR,M,SK	2604107 	2605148 	2608235 	2611094 	2613689 	2616210 	2615483 	2619889 	2616397 	2613497 
A,NAT,TOTAL,NR,M,TR	38739286 	39201044 	39646724 	40084692 	40538429 	40943245 	: 	: 	41801988 	41971399 
A,NAT,TOTAL,NR,M,UK	29306621 	29506901 	29541920 	29704085 	29912970 	: 	: 	: 	: 	: 
A,NAT,TOTAL,NR,T,AT	7438848 	7432797 	7430935 	7426387 	7419852 	7414841 	7401592 	7392220 	7374952 	7357884 
A,NAT,TOTAL,NR,T,BE	9960371 	9977874 	9997952 	10022157 	10041769 	10069121 	10075908 	10102757 	10127198 	10159203 
A,NAT,TOTAL,NR,T,BG	6963308 	6863112 	6767835 	6668711 	6565004 	6457589 	6410333 	6417071 	6362447 	6322795 
A,NAT,TOTAL,NR,T,CH	6239207 	6278459 	6318404 	6357738 	6396252 	6430658 	6459512 	6494610 	6519362 	6544970 
A,NAT,TOTAL,NR,T,CY	694739 	701051 	706845 	713471 	720289 	727000 	730446 	734644 	729624 b	734380 
A,NAT,TOTAL,NR,T,CZ	10080950 	10077497 	10067977 	10094632 	10092342 	10107293 	10006304 b	9978470 	9972441 	9954995 
A,NAT,TOTAL,NR,T,DE	73657763 b	73523726 	73301664 	73113483 	72929921 	72768689 	72569978 	72344071 	71623366 b	71347057 
A,NAT,TOTAL,NR,T,DK	5237156 	5244104 	5263783 	5275198 	5280183 	5285641 	5300551 	5311172 	5311487 	5311255 
A,NAT,TOTAL,NR,T,EE	1117187 b	1117693 	1119146 	1121670 	1125290 	1128559 	1128816 	1128413 	1128387 	1127312 
A,NAT,TOTAL,NR,T,EL	10036049 	9985391 	9958159 	9925106 	9892907 	9812220 	9757147 	9711915 b	9649881 	9656873 
A,NAT,TOTAL,NR,T,ES	41971737 	41999550 	42079740 	42067748 	42068189 	42076772 	41998096 	41977709 	41995741 	42117413 
A,NAT,TOTAL,NR,T,EU27_2020	413247841 be	412714333 e	412331992 be	411596342 e	411079636 b	410508697 e	408583990 bep	408287841 ep	407021139 bep	406216013 ep
A,NAT,TOTAL,NR,T,FI	5252078 	5257543 	5259658 	5263678 	5260347 	5257663 	5254876 	5251777 	5240284 	5230878 
A,NAT,TOTAL,NR,T,FR	62026777 	62093598 	62204147 	62075507 	62248300 	62300046 	62426058 	62633664 	62648487 p	62438850 p
A,NAT,TOTAL,NR,T,HR	4155133 	4105450 	4053451 	3989351 	3944089 	3908418 	3866581 	3826213 b	3780514 	3746587 
A,NAT,TOTAL,NR,T,HU	9669890 	9623046 	9588725 	9551846 	9519499 	9489419 	9456970 	9407878 	9373477 	9333715 
A,NAT,TOTAL,NR,T,IE	4145431 	4180236 	4233335 	4272314 	4327732 	4371064 	4422652 	4496343 	4512304 	4533125 
A,NAT,TOTAL,NR,T,IS	304806 	306044 	308074 	310620 	312721 	314741 	317459 	321246 	322681 	320057 
A,NAT,TOTAL,NR,T,IT	55460252 	55332670 	55248101 	55054318 	54820515 b	54601851 	54064319 	53999417 	53855860 	53717572 
A,NAT,TOTAL,NR,T,LI	24787 	24847 	25015 	25173 	25321 	25485 	25588 	25781 	26043 	26294 
A,NAT,TOTAL,NR,T,LT	2905145 	2875299 	2839273 	2806218 	2791018 	2788359 	2790760 	2771688 	2758906 	2749846 
A,NAT,TOTAL,NR,T,LU	304279 	307074 	309170 b	313771 	322430 	329643 	335304 	341230 	347402 	354372 
A,NAT,TOTAL,NR,T,LV	1687663 	1680011 	1670670 	1661848 	1653343 	1647270 	1640782 	1630747 	1621208 	1613838 
A,NAT,TOTAL,NR,T,MT	399632 	400355 	401239 	401940 	402498 	402940 	403463 	403794 	404675 	405075 
A,NAT,TOTAL,NR,T,NL	16053457 	16078619 	16109209 	16140279 	16171304 	16215276 	16272450 	16334426 	16365940 	16398845 
A,NAT,TOTAL,NR,T,NO	4653648 	4675762 	4699099 	4727850 	4743979 	4763064 	4789802 	4839260 	4878100 	4916809 
A,NAT,TOTAL,NR,T,PL	37891051 p	37811676 ep	37756724 ep	37731606 ep	37683061 	37599899 ep	36623052 ep	36445251 ep	36314890 ep	36187908 ep
A,NAT,TOTAL,NR,T,PT	10028252 	10007593 	9974398 	9947827 	9891633 	9854908 	9798503 	9777770 	9731570 	9594328 
A,NAT,TOTAL,NR,T,RO	19781848 	19653350 	19529547 	19419128 	19293182 	19188760 e	19057045 	: 	18842082 e	18834918 e
A,NAT,TOTAL,NR,T,SE	9007920 	9068184 	9143204 	9222906 	9297919 	9387009 	9473972 	9571500 	9656300 	9707612 
A,NAT,TOTAL,NR,T,SI	1961342 	1956422 	1951457 	1945005 	1942715 	1939510 	1940326 	1934738 	1927176 	1920676 
A,NAT,TOTAL,NR,T,SK	5359583 	5360412 	5365648 	5370237 	5374305 	5378937 	5377706 	5371646 	5364540 	5358701 
A,NAT,TOTAL,NR,T,TR	77177625 	78090745 	78998461 	79891464 	80792848 	81623817 	: 	: 	83455717 	83801834 
A,NAT,TOTAL,NR,T,UK	59404440 	59695948 	59751328 	59967126 	60446931 	: 	: 	: 	: 	: 
A,NEU28_FOR,TOTAL,NR,F,AT	273598 	299346 	315126 	325235 	330709 	337247 	: 	: 	: 	: 
A,NEU28_FOR,TOTAL,NR,F,BE	207261 	217894 	222288 	227643 	236805 	246204 	: 	: 	: 	: 
A,NEU28_FOR,TOTAL,NR,F,CH	343734 	351194 	361105 	367181 	372459 	378428 	: 	: 	: 	: 
A,NEU28_FOR,TOTAL,NR,F,CY	23908 	19131 	18581 	20651 	22065 	24437 	: 	: 	: 	: 
A,NEU28_FOR,TOTAL,NR,F,CZ	124062 	128324 	138694 	137408 	148392 	153270 	: 	: 	: 	: 
A,NEU28_FOR,TOTAL,NR,F,DE	2040047 b	2287929 	2459780 	2588147 	2712507 	2836155 	: 	: 	: 	: 
A,NEU28_FOR,TOTAL,NR,F,DK	129157 	139621 	143129 	148448 	153342 	156011 	: 	: 	: 	: 
A,NEU28_FOR,TOTAL,NR,F,EE	91491 b	90689 	89321 	88156 	87654 	87493 	: 	: 	: 	: 
A,NEU28_FOR,TOTAL,NR,F,EL	308820 	294691 	293205 	285232 	283062 	340610 	: 	: 	: 	: 
A,NEU28_FOR,TOTAL,NR,F,ES	1254552 	1257713 	1270247 	1364400 	1493723 	1667537 	: 	: 	: 	: 
A,NEU28_FOR,TOTAL,NR,F,FI	62300 	64764 	68679 	70444 	73270 	77154 	: 	: 	: 	: 
A,NEU28_FOR,TOTAL,NR,F,FR	1467866 	1516288 	1526920 	1701255 	1741369 	1813020 	: 	: 	: 	: 
A,NEU28_FOR,TOTAL,NR,F,HR	8884 	8722 	8511 	8360 	8205 	8163 	: 	: 	: 	: 
A,NEU28_FOR,TOTAL,NR,F,HU	29917 	32931 	32720 	36869 	44363 	49189 	: 	: 	: 	: 
A,NEU28_FOR,TOTAL,NR,F,IE	58979 	61916 	70751 	79721 	90034 	103117 	: 	: 	: 	: 
A,NEU28_FOR,TOTAL,NR,F,IS	2405 	2483 	2733 	3084 	3545 	4059 	: 	: 	: 	: 
A,NEU28_FOR,TOTAL,NR,F,IT	1734563 	1685680 	1657347 	1661545 	1694847 b	1718571 	: 	: 	: 	: 
A,NEU28_FOR,TOTAL,NR,F,LI	3036 	3095 	3093 	3107 	3131 	3205 	: 	: 	: 	: 
A,NEU28_FOR,TOTAL,NR,F,LT	7662 	7467 	7429 	7420 	7815 	8090 	: 	: 	: 	: 
A,NEU28_FOR,TOTAL,NR,F,LU	18058 	19168 	21212 b	22593 	23490 	25240 	: 	: 	: 	: 
A,NEU28_FOR,TOTAL,NR,F,LV	156567 	151605 	146766 	142333 	137929 	133824 	: 	: 	: 	: 
A,NEU28_FOR,TOTAL,NR,F,MT	8469 	10960 	12749 	13726 	19517 	24375 	: 	: 	: 	: 
A,NEU28_FOR,TOTAL,NR,F,NL	177864 	190288 	209324 	229093 	247622 	268259 	: 	: 	: 	: 
A,NEU28_FOR,TOTAL,NR,F,NO	98119 	102661 	108710 	110055 	115753 	: 	: 	: 	: 	: 
A,NEU28_FOR,TOTAL,NR,F,PL	39281 p	56772 ep	78749 ep	92537 ep	111766 	138307 ep	: 	: 	: 	: 
A,NEU28_FOR,TOTAL,NR,F,PT	141007 	135521 	134274 	133318 	148065 	173566 	: 	: 	: 	: 
A,NEU28_FOR,TOTAL,NR,F,RO	21678 	23049 	24095 	22597 	23813 	27443 e	: 	: 	: 	: 
A,NEU28_FOR,TOTAL,NR,F,SE	198863 	210489 	232074 	247592 	263553 	269452 	: 	: 	: 	: 
A,NEU28_FOR,TOTAL,NR,F,SI	27941 	30820 	33286 	35827 	39655 	44234 	: 	: 	: 	: 
A,NEU28_FOR,TOTAL,NR,F,SK	6092 	6426 	6768 	7110 	7508 	7847 	: 	: 	: 	: 
A,NEU28_FOR,TOTAL,NR,F,TR	202231 	263630 	341183 	395953 	531754 	663590 	: 	: 	: 	: 
A,NEU28_FOR,TOTAL,NR,F,UK	1230748 	1265941 	1274471 	1282503 	1293623 	: 	: 	: 	: 	: 
A,NEU28_FOR,TOTAL,NR,M,AT	292772 	340299 	358081 	362217 	361764 	363354 	: 	: 	: 	: 
A,NEU28_FOR,TOTAL,NR,M,BE	212561 	232933 	232820 	234792 	241522 	250392 	: 	: 	: 	: 
A,NEU28_FOR,TOTAL,NR,M,CH	330340 	338110 	354947 	359885 	361713 	364321 	: 	: 	: 	: 
A,NEU28_FOR,TOTAL,NR,M,CY	14334 	11348 	11157 	13981 	15745 	17767 	: 	: 	: 	: 
A,NEU28_FOR,TOTAL,NR,M,CZ	148931 	152583 	163885 	158664 	176555 	188376 	: 	: 	: 	: 
A,NEU28_FOR,TOTAL,NR,M,DE	2015274 b	2552721 	2763921 	2874121 	2981597 	3096089 	: 	: 	: 	: 
A,NEU28_FOR,TOTAL,NR,M,DK	115223 	127571 	131861 	136089 	139651 	141994 	: 	: 	: 	: 
A,NEU28_FOR,TOTAL,NR,M,EE	91785 b	91577 	90567 	90114 	90613 	91298 	: 	: 	: 	: 
A,NEU28_FOR,TOTAL,NR,M,EL	314426 	297002 	311608 	319672 	335460 	374617 	: 	: 	: 	: 
A,NEU28_FOR,TOTAL,NR,M,ES	1303776 	1296276 	1300815 	1375782 	1499917 	1676565 	: 	: 	: 	: 
A,NEU28_FOR,TOTAL,NR,M,FI	65492 	68372 	75078 	78047 	81786 	86602 	: 	: 	: 	: 
A,NEU28_FOR,TOTAL,NR,M,FR	1464283 	1504786 	1522119 	1679771 	1723771 	1786915 	: 	: 	: 	: 
A,NEU28_FOR,TOTAL,NR,M,HR	7565 	7741 	7890 	8102 	8427 	9402 	: 	: 	: 	: 
A,NEU28_FOR,TOTAL,NR,M,HU	34904 	38131 	38694 	46549 	61782 	69345 	: 	: 	: 	: 
A,NEU28_FOR,TOTAL,NR,M,IE	58036 	62793 	71406 	80000 	92812 	105218 	: 	: 	: 	: 
A,NEU28_FOR,TOTAL,NR,M,IS	1963 	2052 	2307 	2728 	3165 	3654 	: 	: 	: 	: 
A,NEU28_FOR,TOTAL,NR,M,IT	1704155 	1680773 	1683891 	1732305 	1800024 b	1816007 	: 	: 	: 	: 
A,NEU28_FOR,TOTAL,NR,M,LI	2992 	2989 	2963 	2988 	3006 	3052 	: 	: 	: 	: 
A,NEU28_FOR,TOTAL,NR,M,LT	9248 	8880 	8868 	9455 	10420 	10629 	: 	: 	: 	: 
A,NEU28_FOR,TOTAL,NR,M,LU	18371 	20450 	19583 b	20845 	21540 	22970 	: 	: 	: 	: 
A,NEU28_FOR,TOTAL,NR,M,LV	134873 	131187 	126567 	123834 	122099 	119834 	: 	: 	: 	: 
A,NEU28_FOR,TOTAL,NR,M,MT	12266 	15493 	17160 	20296 	27812 	39282 	: 	: 	: 	: 
A,NEU28_FOR,TOTAL,NR,M,NL	160909 	177456 	204077 	222104 	239892 	261471 	: 	: 	: 	: 
A,NEU28_FOR,TOTAL,NR,M,NO	84117 	89916 	98709 	101387 	105600 	: 	: 	: 	: 	: 
A,NEU28_FOR,TOTAL,NR,M,PL	37314 p	67154 ep	101585 ep	116037 ep	145741 	182735 ep	: 	: 	: 	: 
A,NEU28_FOR,TOTAL,NR,M,PT	126145 	120730 	118191 	118257 	135413 	167511 	: 	: 	: 	: 
A,NEU28_FOR,TOTAL,NR,M,RO	33009 	35809 	36381 	34653 	36705 	48468 e	: 	: 	: 	: 
A,NEU28_FOR,TOTAL,NR,M,SE	217383 	237175 	273258 	296329 	314845 	318499 	: 	: 	: 	: 
A,NEU28_FOR,TOTAL,NR,M,SI	56426 	59349 	62432 	66508 	77838 	90594 	: 	: 	: 	: 
A,NEU28_FOR,TOTAL,NR,M,SK	6972 	7475 	7919 	8329 	8805 	9285 	: 	: 	: 	: 
A,NEU28_FOR,TOTAL,NR,M,TR	181479 	241274 	325739 	384279 	530128 	694096 	: 	: 	: 	: 
A,NEU28_FOR,TOTAL,NR,M,UK	1201918 	1169655 	1171139 	1143234 	1196466 	: 	: 	: 	: 	: 
A,NEU28_FOR,TOTAL,NR,T,AT	566370 	639645 	673207 	687452 	692473 	700601 	: 	: 	: 	: 
A,NEU28_FOR,TOTAL,NR,T,BE	419822 	450827 	455108 	462435 	478327 	496596 	: 	: 	: 	: 
A,NEU28_FOR,TOTAL,NR,T,CH	674074 	689304 	716052 	727066 	734172 	742749 	: 	: 	: 	: 
A,NEU28_FOR,TOTAL,NR,T,CY	38242 	30479 	29738 	34632 	37810 	42204 	: 	: 	: 	: 
A,NEU28_FOR,TOTAL,NR,T,CZ	272993 	280907 	302579 	296072 	324947 	341646 	: 	: 	: 	: 
A,NEU28_FOR,TOTAL,NR,T,DE	4055321 b	4840650 	5223701 	5462268 	5694104 	5932244 	: 	: 	: 	: 
A,NEU28_FOR,TOTAL,NR,T,DK	244380 	267192 	274990 	284537 	292993 	298005 	: 	: 	: 	: 
A,NEU28_FOR,TOTAL,NR,T,EE	183276 b	182266 	179888 	178270 	178267 	178791 	: 	: 	: 	: 
A,NEU28_FOR,TOTAL,NR,T,EL	623246 	591693 	604813 	604904 	618522 	715227 	: 	: 	: 	: 
A,NEU28_FOR,TOTAL,NR,T,ES	2558328 	2553989 	2571062 	2740182 	2993640 	3344102 	: 	: 	: 	: 
A,NEU28_FOR,TOTAL,NR,T,FI	127792 	133136 	143757 	148491 	155056 	163756 	: 	: 	: 	: 
A,NEU28_FOR,TOTAL,NR,T,FR	2932149 	3021074 	3049039 	3381026 	3465140 	3599935 	: 	: 	: 	: 
A,NEU28_FOR,TOTAL,NR,T,HR	16449 	16463 	16401 	16462 	16632 	17565 	: 	: 	: 	: 
A,NEU28_FOR,TOTAL,NR,T,HU	64821 	71062 	71414 	83418 	106145 	118534 	: 	: 	: 	: 
A,NEU28_FOR,TOTAL,NR,T,IE	117015 	124709 	142157 	159721 	182846 	208335 	: 	: 	: 	: 
A,NEU28_FOR,TOTAL,NR,T,IS	4368 	4535 	5040 	5812 	6710 	7713 	: 	: 	: 	: 
A,NEU28_FOR,TOTAL,NR,T,IT	3438718 	3366453 	3341238 	3393850 	3494871 b	3534578 	: 	: 	: 	: 
A,NEU28_FOR,TOTAL,NR,T,LI	6028 	6084 	6056 	6095 	6137 	6257 	: 	: 	: 	: 
A,NEU28_FOR,TOTAL,NR,T,LT	16910 	16347 	16297 	16875 	18235 	18719 	: 	: 	: 	: 
A,NEU28_FOR,TOTAL,NR,T,LU	36429 	39618 	40795 b	43438 	45030 	48210 	: 	: 	: 	: 
A,NEU28_FOR,TOTAL,NR,T,LV	291440 	282792 	273333 	266167 	260028 	253658 	: 	: 	: 	: 
A,NEU28_FOR,TOTAL,NR,T,MT	20735 	26453 	29909 	34022 	47329 	63657 	: 	: 	: 	: 
A,NEU28_FOR,TOTAL,NR,T,NL	338773 	367744 	413401 	451197 	487514 	529730 	: 	: 	: 	: 
A,NEU28_FOR,TOTAL,NR,T,NO	182236 	192577 	207419 	211442 	221353 	: 	: 	: 	: 	: 
A,NEU28_FOR,TOTAL,NR,T,PL	76595 p	123926 ep	180334 ep	208574 ep	257507 	321042 ep	: 	: 	: 	: 
A,NEU28_FOR,TOTAL,NR,T,PT	267152 	256251 	252465 	251575 	283478 	341077 	: 	: 	: 	: 
A,NEU28_FOR,TOTAL,NR,T,RO	54687 	58858 	60476 	57250 	60518 	75911 e	: 	: 	: 	: 
A,NEU28_FOR,TOTAL,NR,T,SE	416246 	447664 	505332 	543921 	578398 	587951 	: 	: 	: 	: 
A,NEU28_FOR,TOTAL,NR,T,SI	84367 	90169 	95718 	102335 	117493 	134828 	: 	: 	: 	: 
A,NEU28_FOR,TOTAL,NR,T,SK	13064 	13901 	14687 	15439 	16313 	17132 	: 	: 	: 	: 
A,NEU28_FOR,TOTAL,NR,T,TR	383710 	504904 	666922 	780232 	1061882 	1357686 	: 	: 	: 	: 
A,NEU28_FOR,TOTAL,NR,T,UK	2432666 	2435596 	2445610 	2425737 	2490089 	: 	: 	: 	: 	: 
A,STLS,TOTAL,NR,F,AT	1046 	1475 	1739 	1799 	1771 	1712 	1703 	1727 	1799 	1827 
A,STLS,TOTAL,NR,F,BE	233 	249 	289 	308 	372 	366 	348 	300 	276 	270 
A,STLS,TOTAL,NR,F,BG	: 	: 	: 	: 	: 	: 	: 	: 	233 	231 
A,STLS,TOTAL,NR,F,CH	101 	130 	154 	165 	159 	167 	201 	215 	260 	316 
A,STLS,TOTAL,NR,F,CY	0 	0 	0 	0 	0 	0 	0 	0 	0 b	0 
A,STLS,TOTAL,NR,F,CZ	0 	0 	0 	0 	0 	0 	87 b	80 	79 	68 
A,STLS,TOTAL,NR,F,DE	3436 b	3773 	4031 	4290 	4355 	4367 	4413 	4467 	8382 b	7839 
A,STLS,TOTAL,NR,F,DK	2250 	2893 	3396 	3569 	3761 	3921 	3892 	3915 	3870 	3875 
A,STLS,TOTAL,NR,F,EE	0 b	0 	0 	0 	0 	0 	0 	0 	0 	0 
A,STLS,TOTAL,NR,F,EL	0 	0 	0 	0 	0 	0 	: 	0 b	0 	0 
A,STLS,TOTAL,NR,F,ES	523 	586 	703 	803 	990 	1122 	1230 	1414 	1629 	1800 
A,STLS,TOTAL,NR,F,EU27_2020	: 	: 	: 	: 	: 	: 	: 	: 	25444 bep	24168 ep
A,STLS,TOTAL,NR,F,FI	341 	363 	429 	467 	496 	517 	532 	537 	527 	513 
A,STLS,TOTAL,NR,F,FR	0 	0 	0 	0 	0 	0 	0 	0 	0 p	0 p
A,STLS,TOTAL,NR,F,HR	331 	313 	289 	278 	259 	243 	217 	217 b	217 	217 
A,STLS,TOTAL,NR,F,HU	49 	58 	49 	36 	35 	38 	40 	34 	32 	35 
A,STLS,TOTAL,NR,F,IE	1211 	1558 	224 	229 	264 	251 	316 	332 	368 	424 
A,STLS,TOTAL,NR,F,IS	53 	47 	35 	31 	20 	18 	0 	0 	0 	0 
A,STLS,TOTAL,NR,F,IT	215 	440 	391 	201 	274 b	258 	211 	293 	298 	201 
A,STLS,TOTAL,NR,F,LI	0 	1 	0 	0 	0 	0 	0 	0 	0 	0 
A,STLS,TOTAL,NR,F,LT	506 	454 	422 	379 	324 	305 	941 	923 	856 	820 
A,STLS,TOTAL,NR,F,LU	33 	29 	72 b	76 	77 	80 	82 	75 	72 	65 
A,STLS,TOTAL,NR,F,LV	88 	84 	86 	85 	81 	80 	70 	69 	71 	73 
A,STLS,TOTAL,NR,F,MT	0 	0 	0 	0 	0 	0 	0 	0 	0 	0 
A,STLS,TOTAL,NR,F,NL	1373 	3334 	5059 	6363 	5799 	3969 	2644 	2255 	2150 	1932 
A,STLS,TOTAL,NR,F,NO	796 	1028 	1332 	1382 	1241 	1015 	838 	769 	830 	844 
A,STLS,TOTAL,NR,F,PL	759 p	271 ep	261 ep	267 ep	273 	273 ep	297 ep	296 ep	296 ep	287 ep
A,STLS,TOTAL,NR,F,PT	4 	0 	0 	12 	11 	14 	14 	11 	9 	5 
A,STLS,TOTAL,NR,F,RO	111 	115 	120 	115 	107 	93 e	97 	: 	112 e	112 e
A,STLS,TOTAL,NR,F,SE	8080 	9122 	10720 	10382 	8934 	7993 	6577 	5256 	4165 	3571 
A,STLS,TOTAL,NR,F,SI	0 	0 	0 	0 	0 	0 	0 	0 	0 	0 
A,STLS,TOTAL,NR,F,SK	548 	548 	547 	546 	546 	546 	546 	3 	3 	3 
A,STLS,TOTAL,NR,F,TR	75 	30 	50 	82 	128 	152 	: 	: 	178 	161 
A,STLS,TOTAL,NR,F,UK	0 	0 	0 	0 	0 	: 	: 	: 	: 	: 
A,STLS,TOTAL,NR,M,AT	2022 	2667 	2769 	2717 	2652 	2543 	2589 	2764 	2942 	2952 
A,STLS,TOTAL,NR,M,BE	412 	467 	573 	621 	674 	653 	617 	492 	443 	422 
A,STLS,TOTAL,NR,M,BG	: 	: 	: 	: 	: 	: 	: 	: 	330 	337 
A,STLS,TOTAL,NR,M,CH	159 	209 	254 	296 	306 	316 	339 	363 	457 	554 
A,STLS,TOTAL,NR,M,CY	0 	0 	0 	0 	0 	0 	0 	0 	0 b	0 
A,STLS,TOTAL,NR,M,CZ	0 	0 	0 	0 	0 	0 	186 b	177 	176 	164 
A,STLS,TOTAL,NR,M,DE	5525 b	6491 	7092 	7116 	7139 	6993 	6947 	6688 	12090 b	11044 
A,STLS,TOTAL,NR,M,DK	2667 	3628 	4162 	4363 	4517 	4700 	4664 	4696 	4671 	4653 
A,STLS,TOTAL,NR,M,EE	0 b	0 	0 	0 	0 	0 	0 	0 	0 	0 
A,STLS,TOTAL,NR,M,EL	0 	0 	0 	0 	0 	0 	: 	0 b	0 	0 
A,STLS,TOTAL,NR,M,ES	828 	937 	1090 	1271 	1547 	1752 	1882 	2160 	2375 	2570 
A,STLS,TOTAL,NR,M,EU27_2020	: 	: 	: 	: 	: 	: 	: 	: 	35573 bep	33602 ep
A,STLS,TOTAL,NR,M,FI	492 	523 	606 	678 	717 	734 	741 	746 	758 	800 
A,STLS,TOTAL,NR,M,FR	0 	0 	0 	0 	0 	0 	0 	0 	0 p	0 p
A,STLS,TOTAL,NR,M,HR	364 	361 	365 	358 	351 	353 	342 	341 b	341 	341 
A,STLS,TOTAL,NR,M,HU	99 	103 	97 	97 	79 	75 	81 	77 	69 	65 
A,STLS,TOTAL,NR,M,IE	1358 	1799 	185 	253 	255 	279 	304 	329 	391 	397 
A,STLS,TOTAL,NR,M,IS	78 	76 	50 	38 	28 	34 	0 	0 	0 	0 
A,STLS,TOTAL,NR,M,IT	231 	439 	420 	227 	309 b	280 	221 	328 	345 	288 
A,STLS,TOTAL,NR,M,LI	2 	2 	0 	0 	0 	0 	0 	0 	0 	0 
A,STLS,TOTAL,NR,M,LT	428 	272 	239 	210 	204 	198 	1266 	1207 	1119 	1058 
A,STLS,TOTAL,NR,M,LU	25 	22 	89 b	95 	105 	108 	110 	109 	104 	93 
A,STLS,TOTAL,NR,M,LV	100 	96 	90 	87 	83 	77 	66 	69 	69 	69 
A,STLS,TOTAL,NR,M,MT	0 	0 	0 	0 	0 	0 	0 	0 	0 	0 
A,STLS,TOTAL,NR,M,NL	2208 	5003 	7418 	8254 	7070 	4499 	3283 	3028 	2999 	2815 
A,STLS,TOTAL,NR,M,NO	1071 	1397 	1761 	1725 	1397 	1103 	870 	776 	824 	782 
A,STLS,TOTAL,NR,M,PL	963 p	298 ep	286 ep	291 ep	327 	326 ep	339 ep	339 ep	335 ep	331 ep
A,STLS,TOTAL,NR,M,PT	7 	0 	0 	19 	19 	19 	16 	11 	11 	6 
A,STLS,TOTAL,NR,M,RO	170 	184 	199 	195 	209 	180 e	171 	: 	182 e	184 e
A,STLS,TOTAL,NR,M,SE	10921 	12458 	14595 	13273 	10848 	9506 	7858 	6722 	5821 	5011 
A,STLS,TOTAL,NR,M,SI	0 	0 	0 	0 	0 	0 	0 	0 	0 	0 
A,STLS,TOTAL,NR,M,SK	952 	951 	950 	949 	949 	947 	947 	2 	2 	2 
A,STLS,TOTAL,NR,M,TR	116 	52 	82 	88 	192 	242 	: 	: 	261 	254 
A,STLS,TOTAL,NR,M,UK	0 	0 	0 	0 	0 	: 	: 	: 	: 	: 
A,STLS,TOTAL,NR,T,AT	3068 	4142 	4508 	4516 	4423 	4255 	4292 	4491 	4741 	4779 
A,STLS,TOTAL,NR,T,BE	645 	716 	862 	929 	1046 	1019 	965 	792 	719 	692 
A,STLS,TOTAL,NR,T,BG	: 	: 	: 	: 	: 	: 	: 	: 	563 	568 
A,STLS,TOTAL,NR,T,CH	260 	339 	408 	461 	465 	483 	540 	578 	717 	870 
A,STLS,TOTAL,NR,T,CY	0 	0 	0 	0 	0 	0 	0 	0 	0 b	0 
A,STLS,TOTAL,NR,T,CZ	0 	0 	0 	0 	0 	0 	273 b	257 	255 	232 
A,STLS,TOTAL,NR,T,DE	8961 b	10264 	11123 	11406 	11494 	11360 	11360 	11155 	20472 b	18883 
A,STLS,TOTAL,NR,T,DK	4917 	6521 	7558 	7932 	8278 	8621 	8556 	8611 	8541 	8528 
A,STLS,TOTAL,NR,T,EE	0 b	0 	0 	0 	0 	0 	0 	0 	0 	0 
A,STLS,TOTAL,NR,T,EL	0 	0 	0 	0 	0 	0 	: 	0 b	0 	0 
A,STLS,TOTAL,NR,T,ES	1351 	1523 	1793 	2074 	2537 	2874 	3112 	3574 	4004 	4370 
A,STLS,TOTAL,NR,T,EU27_2020	: 	: 	: 	: 	: 	: 	: 	: 	61017 bep	57770 ep
A,STLS,TOTAL,NR,T,FI	833 	886 	1035 	1145 	1213 	1251 	1273 	1283 	1285 	1313 
A,STLS,TOTAL,NR,T,FR	0 	0 	0 	0 	0 	0 	0 	0 	0 p	0 p
A,STLS,TOTAL,NR,T,HR	695 	674 	654 	636 	610 	596 	559 	558 b	558 	558 
A,STLS,TOTAL,NR,T,HU	148 	161 	146 	133 	114 	113 	121 	111 	101 	100 
A,STLS,TOTAL,NR,T,IE	2569 	3357 	409 	482 	519 	530 	620 	661 	759 	821 
A,STLS,TOTAL,NR,T,IS	131 	123 	85 	69 	48 	52 	0 	0 	0 	0 
A,STLS,TOTAL,NR,T,IT	446 	879 	811 	428 	583 b	538 	432 	621 	643 	489 
A,STLS,TOTAL,NR,T,LI	2 	3 	0 	0 	0 	0 	0 	0 	0 	0 
A,STLS,TOTAL,NR,T,LT	934 	726 	661 	589 	528 	503 	2207 	2130 	1975 	1878 
A,STLS,TOTAL,NR,T,LU	58 	51 	161 b	171 	182 	188 	192 	184 	176 	158 
A,STLS,TOTAL,NR,T,LV	188 	180 	176 	172 	164 	157 	136 	138 	140 	142 
A,STLS,TOTAL,NR,T,MT	0 	0 	0 	0 	0 	0 	0 	0 	0 	0 
A,STLS,TOTAL,NR,T,NL	3581 	8337 	12477 	14617 	12869 	8468 	5927 	5283 	5149 	4747 
A,STLS,TOTAL,NR,T,NO	1867 	2425 	3093 	3107 	2638 	2118 	1708 	1545 	1654 	1626 
A,STLS,TOTAL,NR,T,PL	1722 p	569 ep	547 ep	558 ep	600 	599 ep	636 ep	635 ep	631 ep	618 ep
A,STLS,TOTAL,NR,T,PT	11 	0 	0 	31 	30 	33 	30 	22 	20 	11 
A,STLS,TOTAL,NR,T,RO	281 	299 	319 	310 	316 	273 e	268 	: 	294 e	296 e
A,STLS,TOTAL,NR,T,SE	19001 	21580 	25315 	23655 	19782 	17499 	14435 	11978 	9986 	8582 
A,STLS,TOTAL,NR,T,SI	0 	0 	0 	0 	0 	0 	0 	0 	0 	0 
A,STLS,TOTAL,NR,T,SK	1500 	1499 	1497 	1495 	1495 	1493 	1493 	5 	5 	5 
A,STLS,TOTAL,NR,T,TR	191 	82 	132 	170 	320 	394 	: 	: 	439 	415 
A,STLS,TOTAL,NR,T,UK	0 	0 	0 	0 	0 	: 	: 	: 	: 	: 
A,TOTAL,TOTAL,NR,F,AL	: 	: 	: 	: 	: 	: 	: 	1406532 	: 	: 
A,TOTAL,TOTAL,NR,F,AM	: 	: 	: 	: 	: 	: 	: 	: 	: 	1577675 
A,TOTAL,TOTAL,NR,F,AT	4384529 	4427918 	4460424 	4483749 	4501742 	4522292 	4535712 	4553444 	4619957 	4643918 
A,TOTAL,TOTAL,NR,F,BE	5713206 	5741853 	5762455 	5784371 	5810693 	5841215 	5854293 	5883978 	5946649 	5981093 
A,TOTAL,TOTAL,NR,F,BG	3621883 	3578998 	3537549 	3494184 	3450251 	3405861 	3389807 	3364303 	3348207 	3347783 
A,TOTAL,TOTAL,NR,F,CH	4163786 	4205655 	4246113 	4277696 	4307406 	4337170 	4367701 	4400588 	4435432 	4510726 
A,TOTAL,TOTAL,NR,F,CY	435183 	435627 	438139 	442728 	448068 	453534 	458357 	463622 	483955 b	490771 
A,TOTAL,TOTAL,NR,F,CZ	5361348 	5367513 	5378133 	5390264 	5405606 	5421943 	5323934 b	5332932 	5519006 	5557945 
A,TOTAL,TOTAL,NR,F,DE	41362080 	41661561 	41824535 	41948786 	42052522 	42129098 	42128512 	42170339 	42198796 b	42294114 
A,TOTAL,TOTAL,NR,F,DK	2848701 	2869364 	2888591 	2904717 	2917008 	2925845 	2935188 	2950505 	2983655 	2997558 
A,TOTAL,TOTAL,NR,F,EE	700166 b	699236 	698097 	698049 	699185 	699699 	699153 	698381 	718518 	723074 
A,TOTAL,TOTAL,NR,F,EL	5589628 	5559538 	5546916 	5531125 	5516306 	5503077 	5482584 	5345035 b	5320643 	5303827 
A,TOTAL,TOTAL,NR,F,ES	23603001 	23612439 	23666286 	23755470 	23902168 	24107382 	24152187 	24198046 	24519768 	24792824 
A,TOTAL,TOTAL,NR,F,EU27_2020	227023123 be	227328132 e	227604697 be	227848639 e	228180356 b	228551599 e	227928940 bep	227911075 ep	228867460 bep	229492073 ep
A,TOTAL,TOTAL,NR,F,FI	2779890 	2785818 	2790970 	2793999 	2794629 	2797030 	2799985 	2805140 	2810493 	2829953 
A,TOTAL,TOTAL,NR,F,FR	34283895 	34391005 	34495464 	34611994 	34739132 	34828670 	34946473 	35109077 	35188809 p	35271283 p
A,TOTAL,TOTAL,NR,F,GE	: 	: 	: 	: 	: 	: 	: 	: 	: 	1920139 
A,TOTAL,TOTAL,NR,F,HR	2170159 	2146424 	2122085 	2090961 	2064873 	2041528 	2019003 	2000012 b	1989028 	1986557 
A,TOTAL,TOTAL,NR,F,HU	5128422 	5101174 	5076104 	5054972 	5039416 	5025500 	5004102 	4981528 	4974484 	4961249 
A,TOTAL,TOTAL,NR,F,IE	2364285 	2387145 	2424201 	2451343 	2493497 	2530888 	2557709 	2604045 	2666848 	2708306 
A,TOTAL,TOTAL,NR,F,IS	163914 	165259 	167316 	170850 	174154 	177193 	179749 	183153 	187800 	187015 
A,TOTAL,TOTAL,NR,F,IT	31067182 	30970668 	30888080 	30781300 	30685478 b	30591392 	30369987 	30211177 	30182369 	30124502 
A,TOTAL,TOTAL,NR,F,LI	18813 	18962 	19064 	19224 	19353 	19532 	19687 	19812 	19989 	20156 
A,TOTAL,TOTAL,NR,F,LT	1580254 	1563839 	1544399 	1526156 	1517016 	1510500 	1505796 	1499399 	1521463 	1519986 
A,TOTAL,TOTAL,NR,F,LU	280986 	287056 	294026 b	299425 	305174 	311144 	315274 	320333 	328365 	333776 
A,TOTAL,TOTAL,NR,F,LV	1074889 	1064658 	1054433 	1044738 	1035059 	1026719 	1017998 	1006700 	1010687 	1003142 
A,TOTAL,TOTAL,NR,F,MD	: 	: 	: 	: 	: 	: 	: 	: 	: 	1293798 ep
A,TOTAL,TOTAL,NR,F,ME	: 	: 	: 	: 	: 	: 	: 	312509 	: 	316854 
A,TOTAL,TOTAL,NR,F,MK	: 	: 	: 	: 	: 	: 	: 	926099 b	: 	: 
A,TOTAL,TOTAL,NR,F,MT	218310 	223127 	227632 	234099 	240787 	248296 	248511 	249705 	257230 	264697 
A,TOTAL,TOTAL,NR,F,NL	8527868 	8561985 	8606405 	8654043 	8701077 	8759554 	8788879 	8845204 	8960982 	9022174 
A,TOTAL,TOTAL,NR,F,NO	2566978 	2588874 	2609187 	2627248 	2643139 	2661018 	2672110 	2687938 	2723514 	2754489 
A,TOTAL,TOTAL,NR,F,PL	19608451 p	19590169 ep	19595127 ep	19596388 ep	19592436 	19584757 ep	19131216 bep	19043758 ep	18980357 ep	18914999 ep
A,TOTAL,TOTAL,NR,F,PT	5460453 	5449089 	5436542 	5433139 	5434882 	5448405 	5451426 	5453855 	5495973 	5556158 
A,TOTAL,TOTAL,NR,F,RO	10163573 	10110852 	10041869 	9978614 	9914008 	9868177 e	9814072 	: 	9790587 e	9796206 e
A,TOTAL,TOTAL,NR,F,RS	: 	: 	: 	: 	: 	: 	: 	3489070 	: 	3392796 
A,TOTAL,TOTAL,NR,F,SE	4875115 	4920051 	4981806 	5037580 	5087747 	5131775 	5156448 	5191619 	5223232 	5239188 
A,TOTAL,TOTAL,NR,F,SI	1040645 	1040855 	1040770 	1039839 	1042252 	1044795 	1049039 	1049485 	1053701 	1055520 
A,TOTAL,TOTAL,NR,F,SK	2779021 	2780170 	2783659 	2786606 	2789344 	2792523 	2793295 	2776809 	2773698 	2771470 
A,TOTAL,TOTAL,NR,F,TR	38711602 	39229862 	39771221 	40275390 	40863902 	41433861 	: 	: 	42575441 	42638306 
A,TOTAL,TOTAL,NR,F,UA	: 	: 	: 	: 	: 	: 	22223341 	21990719 	: 	: 
A,TOTAL,TOTAL,NR,F,UK	32919294 	33152984 	33364404 	33563620 	33746076 	: 	: 	: 	: 	: 
A,TOTAL,TOTAL,NR,M,AL	: 	: 	: 	: 	: 	: 	: 	1387060 	: 	: 
A,TOTAL,TOTAL,NR,M,AM	: 	: 	: 	: 	: 	: 	: 	: 	: 	1413526 
A,TOTAL,TOTAL,NR,M,AT	4200397 	4272553 	4312441 	4338518 	4357033 	4378772 	4396952 	4425485 	4484815 	4514832 
A,TOTAL,TOTAL,NR,M,BE	5524068 	5569264 	5589272 	5614218 	5644826 	5681225 	5700474 	5733645 	5796147 	5836003 
A,TOTAL,TOTAL,NR,M,BG	3407807 	3359761 	3311969 	3263234 	3213926 	3163414 	3142310 	3118181 	3099503 	3097698 
A,TOTAL,TOTAL,NR,M,CH	4073880 	4121471 	4173437 	4206434 	4237121 	4268863 	4302599 	4338203 	4379953 	4451532 
A,TOTAL,TOTAL,NR,M,CY	411825 	412692 	416663 	421508 	427831 	434471 	437650 	441083 	465129 b	475594 
A,TOTAL,TOTAL,NR,M,CZ	5176927 	5186330 	5200687 	5219791 	5244194 	5271996 	5170902 b	5183775 	5308523 	5342610 
A,TOTAL,TOTAL,NR,M,DE	39835457 	40514123 	40697118 	40843565 	40966691 	41037613 	41026519 	41066785 	40919705 b	41161931 
A,TOTAL,TOTAL,NR,M,DK	2811014 	2837887 	2860178 	2876473 	2889073 	2896918 	2904857 	2922915 	2948999 	2963691 
A,TOTAL,TOTAL,NR,M,EE	614704 b	616708 	617538 	621084 	625635 	629277 	630915 	633415 	647366 	651613 
A,TOTAL,TOTAL,NR,M,EL	5268390 	5224210 	5221277 	5210040 	5208293 	5215488 	5196048 	5114747 b	5093339 	5096893 
A,TOTAL,TOTAL,NR,M,ES	22822721 	22806445 	22831107 	22889600 	23016783 	23210668 	23248611 	23288797 	23565593 	23826871 
A,TOTAL,TOTAL,NR,M,EU27_2020	215887904 be	216659691 e	217050832 be	217438372 e	217955273 b	218464001 e	217943602 bep	218060949 ep	218827890 bep	219814111 ep
A,TOTAL,TOTAL,NR,M,FI	2691863 	2701490 	2712327 	2719131 	2723290 	2728262 	2733808 	2743101 	2753477 	2773898 
A,TOTAL,TOTAL,NR,M,FR	32174258 	32247386 	32314352 	32414230 	32551339 	32644981 	32782095 	32982626 	33088401 p	33196079 p
A,TOTAL,TOTAL,NR,M,GE	: 	: 	: 	: 	: 	: 	: 	: 	: 	1774469 
A,TOTAL,TOTAL,NR,M,HR	2010756 	1984691 	1956684 	1923380 	1903803 	1891983 	1874023 	1862293 b	1861866 	1875410 
A,TOTAL,TOTAL,NR,M,HU	4687436 	4678478 	4663753 	4658683 	4660856 	4663876 	4647359 	4628875 	4625260 	4623378 
A,TOTAL,TOTAL,NR,M,IE	2313342 	2339141 	2374956 	2404390 	2446814 	2481712 	2509184 	2550232 	2604547 	2643375 
A,TOTAL,TOTAL,NR,M,IS	165186 	167270 	171033 	177600 	182837 	186941 	189043 	193095 	199958 	196552 
A,TOTAL,TOTAL,NR,M,IT	29228315 	29193044 	29178654 	29156469 	29131195 b	29050096 	28866226 	28818956 	28814832 	28846728 
A,TOTAL,TOTAL,NR,M,LI	18553 	18660 	18746 	18890 	19025 	19215 	19368 	19496 	19688 	19859 
A,TOTAL,TOTAL,NR,M,LT	1346390 	1331734 	1314678 	1300044 	1295184 	1299477 	1304965 	1306599 	1335816 	1365905 
A,TOTAL,TOTAL,NR,M,LU	281972 	289193 	296641 b	302580 	308720 	314964 	319456 	325064 	332444 	338274 
A,TOTAL,TOTAL,NR,M,LV	911207 	904299 	895683 	889641 	884909 	880956 	875225 	869057 	872321 	868740 
A,TOTAL,TOTAL,NR,M,MD	: 	: 	: 	: 	: 	: 	: 	: 	: 	1129489 ep
A,TOTAL,TOTAL,NR,M,ME	: 	: 	: 	: 	: 	: 	: 	305174 	: 	306826 
A,TOTAL,TOTAL,NR,M,MK	: 	: 	: 	: 	: 	: 	: 	911015 b	: 	: 
A,TOTAL,TOTAL,NR,M,MT	220495 	226508 	231743 	240738 	252181 	266559 	267614 	270469 	284821 	298746 
A,TOTAL,TOTAL,NR,M,NL	8372858 	8417135 	8475102 	8527041 	8581086 	8648031 	8686536 	8745468 	8850309 	8920768 
A,TOTAL,TOTAL,NR,M,NO	2598824 	2625111 	2649130 	2668371 	2685073 	2706562 	2719259 	2737332 	2765470 	2795728 
A,TOTAL,TOTAL,NR,M,PL	18397163 p	18377040 ep	18377837 ep	18380299 ep	18380376 	18373381 ep	17942141 bep	17846003 ep	17773379 ep	17705971 ep
A,TOTAL,TOTAL,NR,M,PT	4934668 	4919465 	4907936 	4902631 	4898614 	4926990 	4942871 	4967262 	5020648 	5083568 
A,TOTAL,TOTAL,NR,M,RO	9707074 	9649733 	9602080 	9554867 	9500450 	9460661 e	9387590 	: 	9263961 e	9271370 e
A,TOTAL,TOTAL,NR,M,RS	: 	: 	: 	: 	: 	: 	: 	3308035 	: 	3212372 
A,TOTAL,TOTAL,NR,M,SE	4872240 	4930966 	5013347 	5082662 	5142438 	5195814 	5222847 	5260707 	5298324 	5312519 
A,TOTAL,TOTAL,NR,M,SI	1022229 	1023333 	1025125 	1027041 	1038656 	1051066 	1059938 	1057695 	1063271 	1068429 
A,TOTAL,TOTAL,NR,M,SK	2642328 	2646082 	2651684 	2656514 	2661077 	2665350 	2666486 	2657903 	2655094 	2653217 
A,TOTAL,TOTAL,NR,M,TR	38984302 	39511191 	40043650 	40535135 	41139980 	41721136 	: 	: 	42704112 	42734071 
A,TOTAL,TOTAL,NR,M,UA	: 	: 	: 	: 	: 	: 	19195376 	19006979 	: 	: 
A,TOTAL,TOTAL,NR,M,UK	31934099 	32226060 	32479738 	32709956 	32901036 	: 	: 	: 	: 	: 
A,TOTAL,TOTAL,NR,T,AL	: 	: 	: 	: 	: 	: 	: 	2793592 	: 	: 
A,TOTAL,TOTAL,NR,T,AM	: 	: 	: 	: 	: 	: 	: 	: 	: 	2991201 
A,TOTAL,TOTAL,NR,T,AT	8584926 	8700471 	8772865 	8822267 	8858775 	8901064 	8932664 	8978929 	9104772 	9158750 
A,TOTAL,TOTAL,NR,T,BE	11237274 	11311117 	11351727 	11398589 	11455519 	11522440 	11554767 	11617623 	11742796 	11817096 
A,TOTAL,TOTAL,NR,T,BG	7029690 	6938759 	6849518 	6757418 	6664177 	6569275 	6532117 	6482484 	6447710 	6445481 
A,TOTAL,TOTAL,NR,T,CH	8237666 	8327126 	8419550 	8484130 	8544527 	8606033 	8670300 	8738791 	8815385 	8962258 
A,TOTAL,TOTAL,NR,T,CY	847008 	848319 	854802 	864236 	875899 	888005 	896007 	904705 	949084 b	966365 
A,TOTAL,TOTAL,NR,T,CZ	10538275 	10553843 	10578820 	10610055 	10649800 	10693939 	10494836 b	10516707 	10827529 	10900555 
A,TOTAL,TOTAL,NR,T,DE	81197537 	82175684 	82521653 	82792351 	83019213 	83166711 	83155031 	83237124 	83118501 b	83456045 
A,TOTAL,TOTAL,NR,T,DK	5659715 	5707251 	5748769 	5781190 	5806081 	5822763 	5840045 	5873420 	5932654 	5961249 
A,TOTAL,TOTAL,NR,T,EE	1314870 b	1315944 	1315635 	1319133 	1324820 	1328976 	1330068 	1331796 	1365884 	1374687 
A,TOTAL,TOTAL,NR,T,EL	10858018 	10783748 	10768193 	10741165 	10724599 	10718565 	10678632 	10459782 b	10413982 	10400720 
A,TOTAL,TOTAL,NR,T,ES	46425722 	46418884 	46497393 	46645070 	46918951 	47318050 	47400798 	47486843 	48085361 	48619695 
A,TOTAL,TOTAL,NR,T,EU27_2020	442911027 be	443987823 e	444655529 be	445287011 e	446135629 b	447015600 e	445872542 bep	445972024 ep	447695350 bep	449306184 ep
A,TOTAL,TOTAL,NR,T,FI	5471753 	5487308 	5503297 	5513130 	5517919 	5525292 	5533793 	5548241 	5563970 	5603851 
A,TOTAL,TOTAL,NR,T,FR	66458153 	66638391 	66809816 	67026224 	67290471 	67473651 	67728568 	68091703 	68277210 p	68467362 p
A,TOTAL,TOTAL,NR,T,GE	: 	: 	: 	: 	: 	: 	: 	: 	: 	3694608 
A,TOTAL,TOTAL,NR,T,HR	4180915 	4131115 	4078769 	4014341 	3968676 	3933511 	3893026 	3862305 b	3850894 	3861967 
A,TOTAL,TOTAL,NR,T,HU	9815858 	9779652 	9739857 	9713655 	9700272 	9689376 	9651461 	9610403 	9599744 	9584627 
A,TOTAL,TOTAL,NR,T,IE	4677627 	4726286 	4799157 	4855733 	4940311 	5012600 	5066893 	5154277 	5271395 	5351681 
A,TOTAL,TOTAL,NR,T,IS	329100 	332529 	338349 	348450 	356991 	364134 	368792 	376248 	387758 	383567 
A,TOTAL,TOTAL,NR,T,IT	60295497 	60163712 	60066734 	59937769 	59816673 b	59641488 	59236213 	59030133 	58997201 	58971230 
A,TOTAL,TOTAL,NR,T,LI	37366 	37622 	37810 	38114 	38378 	38747 	39055 	39308 	39677 	40015 
A,TOTAL,TOTAL,NR,T,LT	2926644 	2895573 	2859077 	2826200 	2812200 	2809977 	2810761 	2805998 	2857279 	2885891 
A,TOTAL,TOTAL,NR,T,LU	562958 	576249 	590667 b	602005 	613894 	626108 	634730 	645397 	660809 	672050 
A,TOTAL,TOTAL,NR,T,LV	1986096 	1968957 	1950116 	1934379 	1919968 	1907675 	1893223 	1875757 	1883008 	1871882 
A,TOTAL,TOTAL,NR,T,MD	: 	: 	: 	: 	: 	: 	: 	: 	: 	2423287 ep
A,TOTAL,TOTAL,NR,T,ME	: 	: 	: 	: 	: 	: 	: 	617683 	: 	623680 
A,TOTAL,TOTAL,NR,T,MK	: 	: 	: 	: 	: 	: 	: 	1837114 b	: 	: 
A,TOTAL,TOTAL,NR,T,MT	438805 	449635 	459375 	474837 	492968 	514855 	516125 	520174 	542051 	563443 
A,TOTAL,TOTAL,NR,T,NL	16900726 	16979120 	17081507 	17181084 	17282163 	17407585 	17475415 	17590672 	17811291 	17942942 
A,TOTAL,TOTAL,NR,T,NO	5165802 	5213985 	5258317 	5295619 	5328212 	5367580 	5391369 	5425270 	5488984 	5550217 
A,TOTAL,TOTAL,NR,T,PL	38005614 p	37967209 ep	37972964 ep	37976687 ep	37972812 	37958138 ep	37073357 bep	36889761 ep	36753736 ep	36620970 
A,TOTAL,TOTAL,NR,T,PT	10395121 	10368554 	10344478 	10335770 	10333496 	10375395 	10394297 	10421117 	10516621 	10639726 
A,TOTAL,TOTAL,NR,T,RO	19870647 	19760585 	19643949 	19533481 	19414458 	19328838 e	19201662 	: 	19054548 e	19067576 e
A,TOTAL,TOTAL,NR,T,RS	: 	: 	: 	: 	: 	: 	: 	6797105 	: 	6605168 
A,TOTAL,TOTAL,NR,T,SE	9747355 	9851017 	9995153 	10120242 	10230185 	10327589 	10379295 	10452326 	10521556 	10551707 
A,TOTAL,TOTAL,NR,T,SI	2062874 	2064188 	2065895 	2066880 	2080908 	2095861 	2108977 	2107180 	2116972 	2123949 
A,TOTAL,TOTAL,NR,T,SK	5421349 	5426252 	5435343 	5443120 	5450421 	5457873 	5459781 	5434712 	5428792 	5424687 
A,TOTAL,TOTAL,NR,T,TR	77695904 	78741053 	79814871 	80810525 	82003882 	83154997 	: 	: 	85279553 	85372377 
A,TOTAL,TOTAL,NR,T,UA	: 	: 	: 	: 	: 	: 	41418717 	40997698 	: 	: 
A,TOTAL,TOTAL,NR,T,UK	64853393 	65379044 	65844142 	66273576 	66647112 	: 	: 	: 	: 	: 
A,UNK,TOTAL,NR,F,AT	3017 	3485 	4078 	4743 	5665 	6129 	6611 	6936 	7261 	7676 
A,UNK,TOTAL,NR,F,BE	1959 	2635 	3450 	4962 	6465 	7638 	11678 	12211 	12534 	11304 
A,UNK,TOTAL,NR,F,BG	1307 	2233 	2804 	3587 	4548 	6112 	7306 	883 	884 	1974 
A,UNK,TOTAL,NR,F,CH	530 	631 	767 	779 	828 	857 	825 	792 	731 	730 
A,UNK,TOTAL,NR,F,CY	3431 	3423 	3374 	791 	0 	0 	0 	0 	0 b	0 
A,UNK,TOTAL,NR,F,CZ	0 	0 	1 	1 	0 	0 	0 b	0 	0 	0 
A,UNK,TOTAL,NR,F,DE	0 b	0 	0 	0 	0 	0 	0 	0 	0 b	0 
A,UNK,TOTAL,NR,F,DK	24 	23 	20 	24 	19 	18 	19 	17 	18 	17 
A,UNK,TOTAL,NR,F,EE	33 b	284 	69 	145 	177 	252 	233 	186 	213 	338 
A,UNK,TOTAL,NR,F,EL	0 	0 	0 	0 	0 	0 	0 	0 b	0 	0 
A,UNK,TOTAL,NR,F,ES	0 	0 	0 	0 	0 	0 	0 	0 	0 	0 
A,UNK,TOTAL,NR,F,EU27_2020	51975 be	48109 e	46339 be	43216 e	41684 b	45868 e	46840 bep	40532 ep	38214 bep	37496 ep
A,UNK,TOTAL,NR,F,FI	310 	601 	626 	620 	590 	608 	651 	728 	660 	636 
A,UNK,TOTAL,NR,F,FR	0 	0 	0 	0 	0 	0 	0 	0 	0 p	0 p
A,UNK,TOTAL,NR,F,HR	844 	729 	612 	486 	358 	248 	98 	90 b	97 	106 
A,UNK,TOTAL,NR,F,HU	112 	116 	120 	124 	116 	114 	117 	110 	93 	85 
A,UNK,TOTAL,NR,F,IE	0 	0 	0 	0 	0 	0 	0 	0 	0 	0 
A,UNK,TOTAL,NR,F,IS	0 	0 	0 	0 	0 	0 	16 	13 	12 	9 
A,UNK,TOTAL,NR,F,IT	0 	0 	0 	0 	0 b	0 	0 	0 	0 	0 
A,UNK,TOTAL,NR,F,LI	0 	0 	0 	0 	0 	0 	0 	0 	0 	0 
A,UNK,TOTAL,NR,F,LT	715 	674 	650 	586 	548 	538 	0 	0 	0 	0 
A,UNK,TOTAL,NR,F,LU	0 	0 	121 b	109 	102 	89 	77 	72 	71 	62 
A,UNK,TOTAL,NR,F,LV	0 	0 	0 	0 	0 	0 	0 	0 	0 	0 
A,UNK,TOTAL,NR,F,MT	0 	0 	0 	0 	0 	0 	0 	0 	0 	0 
A,UNK,TOTAL,NR,F,NL	32137 	28509 	24498 	20798 	17713 	15390 	12745 	10506 	8740 	7740 
A,UNK,TOTAL,NR,F,NO	57 	60 	72 	80 	77 	67 	20 	23 	20 	25 
A,UNK,TOTAL,NR,F,PL	1319 p	1193 ep	1159 ep	1139 ep	0 	0 ep	1403 ep	1395 ep	1441 ep	1384 ep
A,UNK,TOTAL,NR,F,PT	0 	0 	0 	0 	0 	0 	0 	0 	0 	0 
A,UNK,TOTAL,NR,F,RO	3 	4 	10 	9 	29 	38 e	12 	: 	0 e	489 e
A,UNK,TOTAL,NR,F,SE	3508 	4200 	4747 	5092 	5354 	5705 	5890 	5707 	4997 	4429 
A,UNK,TOTAL,NR,F,SI	0 	0 	0 	0 	0 	0 	0 	0 	0 	0 
A,UNK,TOTAL,NR,F,SK	0 	0 	0 	0 	0 	0 	0 	1214 	1205 	1256 
A,UNK,TOTAL,NR,F,TR	1142 	788 	587 	73 	32 	34 	: 	: 	116 	47 
A,UNK,TOTAL,NR,F,UK	15053 	17505 	8543 	9586 	16969 	: 	: 	: 	: 	: 
A,UNK,TOTAL,NR,M,AT	3325 	4001 	4613 	5314 	6153 	6641 	7089 	7457 	7861 	8309 
A,UNK,TOTAL,NR,M,BE	2193 	3187 	3967 	5400 	7047 	8101 	13142 	13759 	14060 	12794 
A,UNK,TOTAL,NR,M,BG	1196 	1923 	2317 	2750 	3382 	4806 	6040 	669 	664 	1601 
A,UNK,TOTAL,NR,M,CH	750 	836 	1060 	1073 	1066 	1089 	1099 	1046 	947 	974 
A,UNK,TOTAL,NR,M,CY	4239 	4239 	4199 	806 	0 	0 	0 	0 	0 b	0 
A,UNK,TOTAL,NR,M,CZ	2 	1 	1 	0 	0 	0 	0 b	0 	0 	0 
A,UNK,TOTAL,NR,M,DE	0 b	0 	0 	0 	0 	0 	0 	0 	0 b	0 
A,UNK,TOTAL,NR,M,DK	43 	36 	32 	34 	30 	33 	32 	26 	31 	33 
A,UNK,TOTAL,NR,M,EE	39 b	329 	76 	158 	195 	491 	569 	508 	527 	559 
A,UNK,TOTAL,NR,M,EL	0 	0 	0 	0 	0 	0 	0 	0 b	0 	0 
A,UNK,TOTAL,NR,M,ES	0 	0 	0 	0 	0 	0 	0 	0 	0 	0 
A,UNK,TOTAL,NR,M,EU27_2020	69132 be	63367 e	61213 be	56387 e	50730 b	55381 e	55789 bep	50207 ep	47405 bep	46326 ep
A,UNK,TOTAL,NR,M,FI	562 	940 	1010 	984 	956 	942 	1049 	1098 	1034 	992 
A,UNK,TOTAL,NR,M,FR	0 	0 	0 	0 	0 	0 	0 	0 	0 p	0 p
A,UNK,TOTAL,NR,M,HR	813 	705 	604 	480 	351 	214 	88 	83 b	88 	100 
A,UNK,TOTAL,NR,M,HU	129 	124 	127 	136 	132 	136 	134 	116 	101 	105 
A,UNK,TOTAL,NR,M,IE	0 	0 	0 	0 	0 	0 	0 	0 	0 	0 
A,UNK,TOTAL,NR,M,IS	0 	0 	0 	0 	1 	2 	34 	30 	32 	25 
A,UNK,TOTAL,NR,M,IT	0 	0 	0 	0 	0 b	0 	0 	0 	0 	0 
A,UNK,TOTAL,NR,M,LI	0 	0 	0 	0 	0 	0 	0 	0 	0 	0 
A,UNK,TOTAL,NR,M,LT	530 	477 	489 	473 	432 	400 	0 	0 	0 	0 
A,UNK,TOTAL,NR,M,LU	0 	0 	130 b	116 	97 	100 	102 	87 	94 	85 
A,UNK,TOTAL,NR,M,LV	0 	0 	0 	0 	0 	0 	0 	1 	1 	1 
A,UNK,TOTAL,NR,M,MT	0 	0 	0 	0 	0 	0 	0 	0 	0 	0 
A,UNK,TOTAL,NR,M,NL	41844 	37206 	32803 	28567 	25039 	22089 	18840 	15728 	13748 	12484 
A,UNK,TOTAL,NR,M,NO	73 	76 	87 	95 	94 	87 	22 	23 	23 	30 
A,UNK,TOTAL,NR,M,PL	4965 p	4754 ep	4753 ep	4712 ep	0 	0 ep	1460 ep	1454 ep	1441 ep	1432 ep
A,UNK,TOTAL,NR,M,PT	0 	0 	0 	0 	0 	0 	0 	0 	0 	0 
A,UNK,TOTAL,NR,M,RO	25 	44 	55 	52 	148 	265 e	65 	: 	1 e	761 e
A,UNK,TOTAL,NR,M,SE	4712 	5401 	6037 	6405 	6768 	7101 	7179 	6926 	6054 	5327 
A,UNK,TOTAL,NR,M,SI	0 	0 	0 	0 	0 	0 	0 	0 	0 	0 
A,UNK,TOTAL,NR,M,SK	0 	0 	0 	0 	0 	0 	0 	1710 	1700 	1743 
A,UNK,TOTAL,NR,M,TR	524 	578 	546 	92 	76 	77 	: 	: 	121 	86 
A,UNK,TOTAL,NR,M,UK	14708 	25879 	10747 	10890 	11264 	: 	: 	: 	: 	: 
A,UNK,TOTAL,NR,T,AT	6342 	7486 	8691 	10057 	11818 	12770 	13700 	14393 	15122 	15985 
A,UNK,TOTAL,NR,T,BE	4152 	5822 	7417 	10362 	13512 	15739 	24820 	25970 	26594 	24098 
A,UNK,TOTAL,NR,T,BG	2503 	4156 	5121 	6337 	7930 	10918 	13346 	1552 	1548 	3575 
A,UNK,TOTAL,NR,T,CH	1280 	1467 	1827 	1852 	1894 	1946 	1924 	1838 	1678 	1704 
A,UNK,TOTAL,NR,T,CY	7670 	7662 	7573 	1597 	0 	0 	0 	0 	0 b	0 
A,UNK,TOTAL,NR,T,CZ	2 	1 	2 	1 	0 	0 	0 b	0 	0 	0 
A,UNK,TOTAL,NR,T,DE	0 b	0 	0 	0 	0 	0 	0 	0 	0 b	0 
A,UNK,TOTAL,NR,T,DK	67 	59 	52 	58 	49 	51 	51 	43 	49 	50 
A,UNK,TOTAL,NR,T,EE	72 b	613 	145 	303 	372 	743 	802 	694 	740 	897 
A,UNK,TOTAL,NR,T,EL	0 	0 	0 	0 	0 	0 	0 	0 b	0 	0 
A,UNK,TOTAL,NR,T,ES	0 	0 	0 	0 	0 	0 	0 	0 	0 	0 
A,UNK,TOTAL,NR,T,EU27_2020	121107 be	111476 e	107552 be	99603 e	92414 b	101249 e	102629 bep	90739 ep	85619 bep	83822 ep
A,UNK,TOTAL,NR,T,FI	872 	1541 	1636 	1604 	1546 	1550 	1700 	1826 	1694 	1628 
A,UNK,TOTAL,NR,T,FR	0 	0 	0 	0 	0 	0 	0 	0 	0 p	0 p
A,UNK,TOTAL,NR,T,HR	1657 	1434 	1216 	966 	709 	462 	186 	173 b	185 	206 
A,UNK,TOTAL,NR,T,HU	241 	240 	247 	260 	248 	250 	251 	226 	194 	190 
A,UNK,TOTAL,NR,T,IE	0 	0 	0 	0 	0 	0 	0 	0 	0 	0 
A,UNK,TOTAL,NR,T,IS	0 	0 	0 	0 	1 	2 	50 	43 	44 	34 
A,UNK,TOTAL,NR,T,IT	0 	0 	0 	0 	0 b	0 	0 	0 	0 	0 
A,UNK,TOTAL,NR,T,LI	0 	0 	0 	0 	0 	0 	0 	0 	0 	0 
A,UNK,TOTAL,NR,T,LT	1245 	1151 	1139 	1059 	980 	938 	0 	0 	0 	0 
A,UNK,TOTAL,NR,T,LU	0 	0 	251 b	225 	199 	189 	179 	159 	165 	147 
A,UNK,TOTAL,NR,T,LV	0 	0 	0 	0 	0 	0 	0 	1 	1 	1 
A,UNK,TOTAL,NR,T,MT	0 	0 	0 	0 	0 	0 	0 	0 	0 	0 
A,UNK,TOTAL,NR,T,NL	73981 	65715 	57301 	49365 	42752 	37479 	31585 	26234 	22488 	20224 
A,UNK,TOTAL,NR,T,NO	130 	136 	159 	175 	171 	154 	42 	46 	43 	55 
A,UNK,TOTAL,NR,T,PL	6284 p	5947 ep	5912 ep	5851 ep	0 	0 ep	2863 ep	2849 ep	2882 ep	2816 ep
A,UNK,TOTAL,NR,T,PT	0 	0 	0 	0 	0 	0 	0 	0 	0 	0 
A,UNK,TOTAL,NR,T,RO	28 	48 	65 	61 	177 	303 e	77 	: 	1 e	1250 e
A,UNK,TOTAL,NR,T,SE	8220 	9601 	10784 	11497 	12122 	12806 	13069 	12633 	11051 	9756 
A,UNK,TOTAL,NR,T,SI	0 	0 	0 	0 	0 	0 	0 	0 	0 	0 
A,UNK,TOTAL,NR,T,SK	0 	0 	0 	0 	0 	0 	0 	2924 	2905 	2999 
A,UNK,TOTAL,NR,T,TR	1666 	1366 	1133 	165 	108 	111 	: 	: 	237 	133 
A,UNK,TOTAL,NR,T,UK	29761 	43384 	19290 	20476 	28233 	: 	: 	: 	: 	: 
